Datum;Uhrzeit;SECCI;Temperatur;Salinität;NO2;NO3;NOx
;;Meter;°C;;µmol/l;µmol/l;µmol/l
02.01.2004;7:34;;;;;;
05.01.2004;14:10;;;;;;
06.01.2004;9:05;;;;;;
07.01.2004;8:30;;;;;;
08.01.2004;9:00;;;;;;
09.01.2004;8:41;;;;;;
12.01.2004;8:35;;;;;;
13.01.2004;7:55;;;;;;
14.01.2004;8:10;;;;;;
15.01.2004;8:45;;;;;;
16.01.2004;8:15;;;;;;
19.01.2004;8:35;;;;;;
20.01.2004;9:00;;;;;;
21.01.2004;7:50;;;;;;
22.01.2004;8:15;;;;;;
23.01.2004;8:35;;;;;;
27.01.2004;7:50;;;;;;
28.01.2004;8:25;;;;;;
29.01.2004;7:25;;;;;;
30.01.2004;8:05;;;;;;
02.02.2004;7:50;;;;;;
04.02.2004;7:20;;;;;;
05.02.2004;8:05;;;;;;
06.02.2004;7:30;;;;;;
09.02.2004;14:30;;;;;;
10.02.2004;8:55;;;;;;
11.02.2004;8:25;;;;;;
12.02.2004;7:25;;;;;;
13.02.2004;7:10;;;;;;
16.02.2004;8:07;;;;;;
17.02.2004;8:00;;;;;;
18.02.2004;7:40;;;;;;
19.02.2004;6:42;;;;;;
20.02.2004;8:35;;;;;;
23.02.2004;8:59;;;;;;
24.02.2004;8:30;;;;;;
25.02.2004;8:30;;;;;;
26.02.2004;8:20;;;;;;
27.02.2004;7:00;;;;;;
02.03.2004;8:05;;;;;;
04.03.2004;7:20;;;;;;
08.03.2004;8:15;;;;;;
09.03.2004;7:00;;;;;;
10.03.2004;6:55;;;;;;
11.03.2004;6:55;;;;;;
16.03.2004;6:30;;;;;;
17.03.2004;7:45;;;;;;
18.03.2004;6:35;;;;;;
19.03.2004;7:35;;;;;;
22.03.2004;14:25;;;;;;
23.03.2004;8:05;;;;;;
24.03.2004;7:50;;;;;;
25.03.2004;7:30;;;;;;
26.03.2004;8:00;;;;;;
29.03.2004;7:05;;;;;;
30.03.2004;7:30;;;;;;
31.03.2004;6:55;;;;;;
01.04.2004;7:20;;;;;;
05.04.2004;7:15;;;;;;
06.04.2004;7:05;;;;;;
07.04.2004;7:00;;;;;;
08.04.2004;4:35;;;;;;
14.04.2004;6:00;;;;;;
15.04.2004;5:30;;;;;;
16.04.2004;5:30;;;;;;
19.04.2004;5:20;;;;;;
20.04.2004;5:00;;;;;;
21.04.2004;5:05;;;;;;
22.04.2004;5:05;;;;;;
23.04.2004;5:55;;;;;;
26.04.2004;10:30;;;;;;
27.04.2004;6:05;;;;;;
28.04.2004;6:05;;;;;;
29.04.2004;6:35;;;;;;
30.04.2004;6:10;;;;;;
03.05.2004;6:20;;;;;;
04.05.2004;7:15;;;;;;
06.05.2004;6:50;;;;;;
07.05.2004;6:55;;;;;;
10.05.2004;6:30;;;;;;
11.05.2004;7:00;;;;;;
12.05.2004;6:45;;;;;;
13.05.2004;6:30;;;;;;
14.05.2004;6:35;;;;;;
17.05.2004;6:45;;;;;;
18.05.2004;7:45;;;;;;
19.05.2004;7:00;;;;;;
21.05.2004;7:40;;;;;;
24.05.2004;6:55;;;;;;
25.05.2004;6:37;;;;;;
26.05.2004;6:35;;;;;;
27.05.2004;6:37;;;;;;
28.05.2004;6:45;;;;;;
01.06.2004;12:20;;;;;;
02.06.2004;7:15;;;;;;
03.06.2004;6:20;;;;;;
04.06.2004;7:00;;;;;;
07.06.2004;7:00;;;;;;
08.06.2004;7:50;;;;;;
09.06.2004;6:40;;;;;;
10.06.2004;5:45;;;;;;
11.06.2004;6:20;;;;;;
14.06.2004;7:03;;;;;;
15.06.2004;6:50;;;;;;
16.06.2004;6:50;;;;;;
17.06.2004;6:50;;;;;;
18.06.2004;5:25;;;;;;
21.06.2004;7:25;;;;;;
22.06.2004;7:00;;;;;;
23.06.2004;6:30;;;;;;
24.06.2004;6:30;;;;;;
25.06.2004;6:30;;;;;;
28.06.2004;7:00;;;;;;
29.06.2004;9:55;;;;;;
30.06.2004;6:14;;;;;;
01.07.2004;6:20;;;;;;
05.07.2004;7:00;;;;;;
06.07.2004;6:55;;;;;;
07.07.2004;7:00;;;;;;
08.07.2004;6:55;;;;;;
09.07.2004;6:50;;;;;;
12.07.2004;7:00;;;;;;
13.07.2004;6:45;;;;;;
14.07.2004;6:50;;;;;;
15.07.2004;6:47;;;;;;
19.07.2004;12:30;;;;;;
20.07.2004;6:47;;;;;;
21.07.2004;6:55;;;;;;
22.07.2004;6:45;;;;;;
23.07.2004;7:45;;;;;;
26.07.2004;7:45;;;;;;
27.07.2004;7:30;;;;;;
28.07.2004;7:50;;;;;;
29.07.2004;7:10;;;;;;
30.07.2004;7:30;;;;;;
02.08.2004;12:15;;;;;;
03.08.2004;7:10;;;;;;
04.08.2004;7:00;;;;;;
05.08.2004;6:20;;;;;;
06.08.2004;7:00;;;;;;
09.08.2004;7:15;;;;;;
10.08.2004;7:05;;;;;;
11.08.2004;6:45;;;;;;
12.08.2004;7:05;;;;;;
13.08.2004;7:10;;;;;;
16.08.2004;6:50;;;;;;
17.08.2004;6:35;;;;;;
18.08.2004;7:45;;;;;;
19.08.2004;7:50;;;;;;
20.08.2004;6:59;;;;;;
23.08.2004;6:55;;;;;;
24.08.2004;7:00;;;;;;
25.08.2004;7:15;;;;;;
26.08.2004;6:50;;;;;;
27.08.2004;6:45;;;;;;
30.08.2004;7:25;;;;;;
31.08.2004;7:10;;;;;;
01.09.2004;6:45;;;;;;
02.09.2004;6:45;;;;;;
06.09.2004;6:50;;;;;;
07.09.2004;6:50;;;;;;
08.09.2004;6:55;;;;;;
09.09.2004;6:55;;;;;;
10.09.2004;7:35;;;;;;
13.09.2004;6:35;;;;;;
14.09.2004;6:55;;;;;;
15.09.2004;6:50;;;;;;
16.09.2004;6:55;;;;;;
17.09.2004;6:55;;;;;;
22.09.2004;6:30;;;;;;
24.09.2004;6:55;;;;;;
27.09.2004;7:45;;;;;;
28.09.2004;6:50;;;;;;
29.09.2004;7:00;;;;;;
30.09.2004;7:40;;;;;;
01.10.2004;7:00;;;;;;
04.10.2004;9:25;;;;;;
05.10.2004;8:45;;;;;;
06.10.2004;9:15;;;;;;
07.10.2004;7:00;;;;;;
08.10.2004;7:45;;;;;;
11.10.2004;7:55;;;;;;
12.10.2004;6:55;;;;;;
13.10.2004;6:55;;;;;;
14.10.2004;7:25;;;;;;
15.10.2004;7:20;;;;;;
18.10.2004;8:20;;;;;;
19.10.2004;7:40;;;;;;
20.10.2004;7:00;;;;;;
21.10.2004;7:30;;;;;;
22.10.2004;6:53;;;;;;
25.10.2004;7:25;;;;;;
26.10.2004;6:55;;;;;;
27.10.2004;7:25;;;;;;
28.10.2004;6:15;;;;;;
29.10.2004;7:45;;;;;;
01.11.2004;14:00;;;;;;
02.11.2004;8:15;;;;;;
03.11.2004;8:30;;;;;;
04.11.2004;8:05;;;;;;
05.11.2004;7:45;;;;;;
09.11.2004;7:00;;;;;;
11.11.2004;7:25;;;;;;
12.11.2004;7:25;;;;;;
15.11.2004;13:35;;;;;;
16.11.2004;7:25;;;;;;
17.11.2004;7:25;;;;;;
19.11.2004;8:25;;;;;;
22.11.2004;13:45;;;;;;
23.11.2004;7:55;;;;;;
24.11.2004;8:30;;;;;;
25.11.2004;8:30;;;;;;
26.11.2004;8:15;;;;;;
29.11.2004;13:10;;;;;;
30.11.2004;7:45;;;;;;
01.12.2004;8:30;;;;;;
02.12.2004;8:15;;;;;;
03.12.2004;8:25;;;;;;
06.12.2004;8:20;;;;;;
07.12.2004;8:35;;;;;;
08.12.2004;8:30;;;;;;
09.12.2004;7:35;;;;;;
10.12.2004;8:20;;;;;;
13.12.2004;8:40;;;;;;
14.12.2004;8:25;;;;;;
15.12.2004;8:10;;;;;;
16.12.2004;8:30;;;;;;
17.12.2004;8:30;;;;;;
20.12.2004;7:00;;;;;;
21.12.2004;8:32;;;;;;
27.12.2004;13:07;;;;;;
29.12.2004;9:00;;;;;;
30.12.2004;8:05;;;;;;
03.01.2011;9:10;;;;;;
04.01.2011;9:20;;;;;;
05.01.2011;8:25;;;;;;
06.01.2011;8:35;;;;;;
07.01.2011;9:10;;;;;;
10.01.2011;8:55;;;;;;
11.01.2011;8:33;;;;;;
12.01.2011;8:25;;;;;;
13.01.2011;8:34;;;;;;
14.01.2011;8:05;;;;;;
17.01.2011;9:15;;;;;;
18.01.2011;9:00;;;;;;
19.01.2011;9:10;;;;;;
20.01.2011;7:13;;;;;;
21.01.2011;8:52;;;;;;
24.01.2011;9:08;;;;;;
25.01.2011;9:02;;;;;;
26.01.2011;8:42;;;;;;
27.01.2011;9:42;;;;;;
28.01.2011;9:02;;;;;;
31.01.2011;9:08;;;;;;
02.02.2011;9:20;;;;;;
03.02.2011;9:04;;;;;;
07.02.2011;9:22;;;;;;
09.02.2011;13:00;;;;;;
10.02.2011;9:18;;;;;;
11.02.2011;8:02;;;;;;
15.02.2011;9:50;;;;;;
16.02.2011;8:43;;;;;;
17.02.2011;8:48;;;;;;
18.02.2011;5:10;;;;;;
21.02.2011;13:13;;;;;;
22.02.2011;9:27;;;;;;
23.02.2011;8:26;;;;;;
24.02.2011;8:57;;;;;;
25.02.2011;8:26;;;;;;
28.02.2011;7:17;;;;;;
01.03.2011;8:35;;;;;;
02.03.2011;9:00;;;;;;
03.03.2011;8:55;;;;;;
04.03.2011;9:12;;;;;;
07.03.2011;9:15;;;;;;
09.03.2011;8:40;;;;;;
10.03.2011;8:30;;;;;;
14.03.2011;8:55;;;;;;
15.03.2011;8:40;;;;;;
16.03.2011;7:40;;;;;;
17.03.2011;8:40;;;;;;
18.03.2011;8:45;;;;;;
21.03.2011;8:51;;;;;;
22.03.2011;8:52;;;;;;
23.03.2011;8:37;;;;;;
24.03.2011;8:45;;;;;;
25.03.2011;8:43;;;;;;
28.03.2011;7:40;;;;;;
29.03.2011;7:45;;;;;;
30.03.2011;7:40;;;;;;
31.03.2011;7:45;;;;;;
01.04.2011;7:50;;;;;;
04.04.2011;8:00;;;;;;
05.04.2011;7:45;;;;;;
06.04.2011;7:45;;;;;;
07.04.2011;7:40;;;;;;
11.04.2011;7:50;;;;;;
12.04.2011;7:45;;;;;;
13.04.2011;8:13;;;;;;
14.04.2011;7:34;;;;;;
15.04.2011;7:29;;;;;;
18.04.2011;8:49;;;;;;
19.04.2011;7:22;;;;;;
20.04.2011;7:36;;;;;;
21.04.2011;7:30;;;;;;
26.04.2011;7:25;;;;;;
27.04.2011;7:35;;;;;;
28.04.2011;7:40;;;;;;
29.04.2011;6:45;;;;;;
02.05.2011;7:30;;;;;;
03.05.2011;7:18;;;;;;
04.05.2011;7:37;;;;;;
05.05.2011;7:16;;;;;;
06.05.2011;7:38;;;;;;
09.05.2011;7:48;;;;;;
10.05.2011;7:30;;;;;;
11.05.2011;7:24;;;;;;
12.05.2011;7:15;;;;;;
13.05.2011;7:37;;;;;;
16.05.2011;7:44;;;;;;
17.05.2011;7:48;;;;;;
18.05.2011;7:36;;;;;;
19.05.2011;7:28;;;;;;
20.05.2011;6:10;;;;;;
23.05.2011;8:05;;;;;;
24.05.2011;7:40;;;;;;
25.05.2011;7:50;;;;;;
26.05.2011;7:45;;;;;;
30.05.2011;7:40;;;;;;
31.05.2011;7:40;;;;;;
01.06.2011;7:40;;;;;;
06.06.2011;7:38;;;;;;
07.06.2011;7:40;;;;;;
08.06.2011;7:45;;;;;;
09.06.2011;7:30;;;;;;
10.06.2011;7:35;;;;;;
14.06.2011;7:42;;;;;;
15.06.2011;7:20;;;;;;
16.06.2011;7:50;;;;;;
17.06.2011;7:28;;;;;;
20.06.2011;7:24;;;;;;
21.06.2011;7:37;;;;;;
22.06.2011;7:49;;;;;;
23.06.2011;7:30;;;;;;
27.06.2011;7:52;;;;;;
28.06.2011;7:35;;;;;;
29.06.2011;7:25;;;;;;
30.06.2011;7:30;;;;;;
01.07.2011;6:55;;;;;;
05.07.2011;7:25;;;;;;
06.07.2011;7:25;;;;;;
07.07.2011;7:30;;;;;;
08.07.2011;7:20;;;;;;
11.07.2011;7:00;;;;;;
12.07.2011;7:20;;;;;;
13.07.2011;6:41;;;;;;
14.07.2011;7:36;;;;;;
15.07.2011;7:42;;;;;;
18.07.2011;6:20;;;;;;
19.07.2011;7:20;;;;;;
20.07.2011;6:37;;;;;;
21.07.2011;7:20;;;;;;
25.07.2011;7:20;;;;;;
26.07.2011;7:30;;;;;;
27.07.2011;7:10;;;;;;
28.07.2011;7:30;;;;;;
29.07.2011;7:30;;;;;;
01.08.2011;7:40;;;;;;
02.08.2011;7:25;;;;;;
03.08.2011;7:25;;;;;;
04.08.2011;6:10;;;;;;
05.08.2011;7:35;;;;;;
08.08.2011;7:28;;;;;;
10.08.2011;6:53;;;;;;
11.08.2011;7:35;;;;;;
12.08.2011;7:06;;;;;;
15.08.2011;7:28;;;;;;
16.08.2011;7:40;;;;;;
17.08.2011;7:30;;;;;;
18.08.2011;7:27;;;;;;
19.08.2011;7:45;;;;;;
23.08.2011;7:46;;;;;;
24.08.2011;7:20;;;;;;
25.08.2011;7:13;;;;;;
26.08.2011;6:18;;;;;;
29.08.2011;7:31;;;;;;
30.08.2011;7:20;;;;;;
31.08.2011;7:36;;;;;;
01.09.2011;7:30;;;;;;
02.09.2011;7:25;;;;;;
05.09.2011;7:15;;;;;;
06.09.2011;7:07;;;;;;
08.09.2011;7:25;;;;;;
09.09.2011;7:15;;;;;;
12.09.2011;7:25;;;;;;
13.09.2011;7:10;;;;;;
14.09.2011;7:20;;;;;;
15.09.2011;6:45;;;;;;
16.09.2011;7:30;;;;;;
19.09.2011;7:50;;;;;;
20.09.2011;7:46;;;;;;
21.09.2011;7:50;;;;;;
22.09.2011;7:46;;;;;;
26.09.2011;6:34;;;;;;
27.09.2011;7:20;;;;;;
28.09.2011;7:09;;;;;;
29.09.2011;7:21;;;;;;
04.10.2011;7:49;;;;;;
05.10.2011;6:57;;;;;;
06.10.2011;7:22;;;;;;
07.10.2011;7:40;;;;;;
10.10.2011;8:03;;;;;;
11.10.2011;7:46;;;;;;
12.10.2011;7:45;;;;;;
13.10.2011;7:18;;;;;;
14.10.2011;7:25;;;;;;
17.10.2011;7:50;;;;;;
18.10.2011;7:00;;;;;;
19.10.2011;7:20;;;;;;
20.10.2011;7:25;;;;;;
21.10.2011;7:20;;;;;;
24.10.2011;7:05;;;;;;
26.10.2011;7:20;;;;;;
27.10.2011;7:50;;;;;;
28.10.2011;7:40;;;;;;
31.10.2011;8:50;;;;;;
01.11.2011;8:30;;;;;;
02.11.2011;9:15;;;;;;
03.11.2011;9:13;;;;;;
04.11.2011;7:18;;;;;;
07.11.2011;8:42;;;;;;
08.11.2011;8:23;;;;;;
09.11.2011;7:08;;;;;;
10.11.2011;8:04;;;;;;
11.11.2011;7:55;;;;;;
14.11.2011;8:30;;;;;;
15.11.2011;8:36;;;;;;
16.11.2011;8:20;;;;;;
17.11.2011;8:40;;;;;;
18.11.2011;8:24;;;;;;
21.11.2011;8:49;;;;;;
22.11.2011;8:40;;;;;;
25.11.2011;7:30;;;;;;
28.11.2011;8:51;;;;;;
29.11.2011;8:45;;;;;;
30.11.2011;8:41;;;;;;
01.12.2011;7:15;;;;;;
02.12.2011;9:00;;;;;;
05.12.2011;9:09;;;;;;
07.12.2011;9:13;;;;;;
08.12.2011;9:46;;;;;;
12.12.2011;9:52;;;;;;
14.12.2011;8:27;;;;;;
15.12.2011;9:05;;;;;;
16.12.2011;7:45;;;;;;
19.12.2011;9:32;;;;;;
20.12.2011;8:58;;;;;;
21.12.2011;9:20;;;;;;
22.12.2011;9:15;;;;;;
23.12.2011;9:11;;;;;;
28.12.2011;8:48;;;;;;
29.12.2011;8:40;;;;;;
30.12.2011;8:50;;;;;;
02.01.2012;9:32;;;;;;
03.01.2012;8:47;;;;;;
04.01.2012;8:29;;;;;;
06.01.2012;9:18;;;;;;
09.01.2012;8:54;;;;;;
10.01.2012;9:06;;;;;;
11.01.2012;9:10;;;;;;
12.01.2012;7:30;;;;;;
13.01.2012;8:40;;;;;;
16.01.2012;9:09;;;;;;
17.01.2012;8:57;;;;;;
18.01.2012;9:27;;;;;;
19.01.2012;9:06;;;;;;
20.01.2012;9:06;;;;;;
23.01.2012;9:26;;;;;;
24.01.2012;9:28;;;;;;
25.01.2012;9:15;;;;;;
26.01.2012;9:22;;;;;;
27.01.2012;9:01;;;;;;
30.01.2012;11:12;;;;;;
31.01.2012;8:13;;;;;;
01.02.2012;11:47;;;;;;
02.02.2012;8:48;;;;;;
03.02.2012;8:21;;;;;;
06.02.2012;9:22;;;;;;
07.02.2012;7:34;;;;;;
08.02.2012;8:05;;;;;;
09.02.2012;9:21;;;;;;
10.02.2012;9:28;;;;;;
13.02.2012;8:57;;;;;;
14.02.2012;8:30;;;;;;
15.02.2012;8:45;;;;;;
16.02.2012;8:55;;;;;;
17.02.2012;9:32;;;;;;
20.02.2012;8:35;;;;;;
21.02.2012;8:25;;;;;;
22.02.2012;8:30;;;;;;
23.02.2012;8:45;;;;;;
24.02.2012;8:50;;;;;;
27.02.2012;8:25;;;;;;
28.02.2012;8:00;;;;;;
29.02.2012;8:40;;;;;;
01.03.2012;8:35;;;;;;
05.03.2012;8:23;;;;;;
06.03.2012;8:29;;;;;;
07.03.2012;8:45;;;;;;
08.03.2012;7:17;;;;;;
09.03.2012;8:55;;;;;;
12.03.2012;8:37;;;;;;
13.03.2012;8:40;;;;;;
14.03.2012;8:34;;;;;;
15.03.2012;8:18;;;;;;
19.03.2012;8:20;;;;;;
20.03.2012;8:05;;;;;;
21.03.2012;8:25;;;;;;
22.03.2012;8:15;;;;;;
23.03.2012;8:10;;;;;;
26.03.2012;7:35;;;;;;
27.03.2012;7:30;;;;;;
28.03.2012;7:25;;;;;;
29.03.2012;7:30;;;;;;
02.04.2012;7:30;;;;;;
03.04.2012;7:40;;;;;;
04.04.2012;7:30;;;;;;
05.04.2012;7:40;;;;;;
10.04.2012;7:25;;;;;;
12.04.2012;6:30;;;;;;
13.04.2012;6:55;;;;;;
16.04.2012;8:15;;;;;;
17.04.2012;7:30;;;;;;
18.04.2012;7:45;;;;;;
19.04.2012;7:25;;;;;;
20.04.2012;7:20;;;;;;
23.04.2012;7:30;;;;;;
24.04.2012;7:10;;;;;;
25.04.2012;6:25;;;;;;
26.04.2012;7:15;;;;;;
27.04.2012;7:05;;;;;;
30.04.2012;6:25;;;;;;
02.05.2012;7:10;;;;;;
03.05.2012;7:25;;;;;;
04.05.2012;6:55;;;;;;
07.05.2012;7:15;;;;;;
08.05.2012;7:30;;;;;;
09.05.2012;6:55;;;;;;
10.05.2012;7:55;;;;;;
11.05.2012;7:10;;;;;;
14.05.2012;7:45;;;;;;
15.05.2012;7:15;;;;;;
16.05.2012;6:45;;;;;;
18.05.2012;7:15;;;;;;
21.05.2012;7:30;;;;;;
22.05.2012;7:37;;;;;;
23.05.2012;7:10;;;;;;
24.05.2012;7:45;;;;;;
25.05.2012;6:55;;;;;;
29.05.2012;7:30;;;;;;
30.05.2012;7:40;;;;;;
31.05.2012;6:40;;;;;;
01.06.2012;6:55;;;;;;
04.06.2012;7:25;;;;;;
05.06.2012;7:10;;;;;;
06.06.2012;7:25;;;;;;
07.06.2012;7:20;;;;;;
08.06.2012;7:00;;;;;;
11.06.2012;7:05;;;;;;
12.06.2012;7:40;;;;;;
13.06.2012;7:35;;;;;;
14.06.2012;7:05;;;;;;
15.06.2012;7:12;;;;;;
19.06.2012;7:30;;;;;;
20.06.2012;6:00;;;;;;
21.06.2012;7:18;;;;;;
22.06.2012;6:47;;;;;;
25.06.2012;6:50;;;;;;
26.06.2012;7:40;;;;;;
27.06.2012;7:09;;;;;;
28.06.2012;7:15;;;;;;
29.06.2012;7:05;;;;;;
02.07.2012;7:25;;;;;;
03.07.2012;7:00;;;;;;
04.07.2012;0:00;;;;;;
05.07.2012;7:15;;;;;;
06.07.2012;7:05;;;;;;
09.07.2012;7:15;;;;;;
10.07.2012;7:36;;;;;;
11.07.2012;7:09;;;;;;
12.07.2012;6:30;;;;;;
13.07.2012;7:10;;;;;;
16.07.2012;7:18;;;;;;
17.07.2012;7:25;;;;;;
18.07.2012;7:15;;;;;;
19.07.2012;7:05;;;;;;
20.07.2012;6:50;;;;;;
23.07.2012;7:05;;;;;;
24.07.2012;7:15;;;;;;
25.07.2012;5:15;;;;;;
27.07.2012;7:30;;;;;;
30.07.2012;6:45;;;;;;
31.07.2012;6:55;;;;;;
01.08.2012;5:55;;;;;;
02.08.2012;7:45;;;;;;
03.08.2012;7:00;;;;;;
06.08.2012;7:20;;;;;;
08.08.2012;7:22;;;;;;
09.08.2012;7:09;;;;;;
13.08.2012;7:28;;;;;;
14.08.2012;7:45;;;;;;
15.08.2012;7:06;;;;;;
16.08.2012;7:32;;;;;;
17.08.2012;7:40;;;;;;
20.08.2012;7:16;;;;;;
21.08.2012;7:23;;;;;;
22.08.2012;7:10;;;;;;
23.08.2012;7:30;;;;;;
24.08.2012;7:02;;;;;;
27.08.2012;7:25;;;;;;
29.08.2012;5:14;;;;;;
31.08.2012;7:04;;;;;;
03.09.2012;7:27;;;;;;
04.09.2012;7:46;;;;;;
05.09.2012;7:07;;;;;;
06.09.2012;6:35;;;;;;
07.09.2012;7:40;;;;;;
10.09.2012;7:37;;;;;;
11.09.2012;7:00;;;;;;
12.09.2012;7:15;;;;;;
13.09.2012;7:00;;;;;;
14.09.2012;7:10;;;;;;
17.09.2012;8:25;;;;;;
18.09.2012;7:00;;;;;;
19.09.2012;6:55;;;;;;
20.09.2012;6:10;;;;;;
21.09.2012;6:55;;;;;;
25.09.2012;6:55;;;;;;
26.09.2012;7:30;;;;;;
27.09.2012;7:35;;;;;;
28.09.2012;7:20;;;;;;
01.10.2012;7:40;;;;;;
04.10.2012;7:15;;;;;;
08.10.2012;7:05;;;;;;
09.10.2012;7:05;;;;;;
15.10.2012;7:15;;;;;;
16.10.2012;7:25;;;;;;
17.10.2012;7:15;;;;;;
18.10.2012;7:25;;;;;;
19.10.2012;7:35;;;;;;
22.10.2012;7:00;;;;;;
23.10.2012;7:00;;;;;;
24.10.2012;7:40;;;;;;
25.10.2012;7:45;;;;;;
26.10.2012;6:45;;;;;;
30.10.2012;13:00;;;;;;
31.10.2012;8:10;;;;;;
01.11.2012;8:25;;;;;;
02.11.2012;7:55;;;;;;
05.11.2012;8:15;;;;;;
06.11.2012;7:40;;;;;;
07.11.2012;8:25;;;;;;
08.11.2012;7:45;;;;;;
09.11.2012;7:30;;;;;;
12.11.2012;7:55;;;;;;
13.11.2012;8:25;;;;;;
14.11.2012;8:25;;;;;;
16.11.2012;8:00;;;;;;
19.11.2012;8:05;;;;;;
20.11.2012;8:45;;;;;;
22.11.2012;7:30;;;;;;
23.11.2012;7:40;;;;;;
26.11.2012;8:10;;;;;;
27.11.2012;8:30;;;;;;
28.11.2012;8:00;;;;;;
03.12.2012;8:50;;;;;;
04.12.2012;8:00;;;;;;
05.12.2012;8:00;;;;;;
06.12.2012;7:50;;;;;;
07.12.2012;7:50;;;;;;
10.12.2012;7:15;;;;;;
11.12.2012;8:50;;;;;;
12.12.2012;9:00;;;;;;
13.12.2012;8:10;;;;;;
14.12.2012;8:05;;;;;;
17.12.2012;8:50;;;;;;
18.12.2012;8:25;;;;;;
19.12.2012;8:50;;;;;;
21.12.2012;7:50;;;;;;
27.12.2012;12:45;;;;;;
28.12.2012;9:00;;;;;;
02.01.2013;8:20;;;;;;
03.01.2013;6:53;;;;;;
07.01.2013;8:15;;;;;;
08.01.2013;8:40;;;;;;
09.01.2013;8:00;;;;;;
10.01.2013;8:45;;;;;;
11.01.2013;8:30;;;;;;
14.01.2013;8:00;;;;;;
15.01.2013;8:10;;;;;;
16.01.2013;8:46;;;;;;
17.01.2013;8:10;;;;;;
18.01.2013;8:00;;;;;;
23.01.2013;9:45;;;;;;
24.01.2013;8:25;;;;;;
25.01.2013;8:35;;;;;;
28.01.2013;8:25;;;;;;
01.02.2013;8:00;;;;;;
04.02.2013;7:50;;;;;;
05.02.2013;7:55;;;;;;
07.02.2013;8:15;;;;;;
08.02.2013;8:15;;;;;;
11.02.2013;8:10;;;;;;
12.02.2013;8:45;;;;;;
13.02.2013;8:35;;;;;;
14.02.2013;8:15;;;;;;
15.02.2013;8:30;;;;;;
18.02.2013;7:50;;;;;;
19.02.2013;8:00;;;;;;
20.02.2013;8:50;;;;;;
21.02.2013;8:05;;;;;;
25.02.2013;8:45;;;;;;
26.02.2013;8:15;;;;;;
27.02.2013;8:00;;;;;;
28.02.2013;8:20;;;;;;
01.03.2013;8:25;;;;;;
04.03.2013;8:30;;;;;;
05.03.2013;8:25;;;;;;
06.03.2013;8:30;;;;;;
07.03.2013;7:50;;;;;;
08.03.2013;7:20;;;;;;
11.03.2013;8:00;;;;;;
12.03.2013;8:40;;;;;;
13.03.2013;8:30;;;;;;
14.03.2013;7:15;;;;;;
15.03.2013;8:25;;;;;;
19.03.2013;7:20;;;;;;
20.03.2013;8:00;;;;;;
21.03.2013;8:30;;;;;;
22.03.2013;8:10;;;;;;
25.03.2013;8:05;;;;;;
26.03.2013;8:15;;;;;;
27.03.2013;9:00;;;;;;
28.03.2013;8:50;;;;;;
02.04.2013;6:25;;;;;;
03.04.2013;6:40;;;;;;
04.04.2013;6:40;;;;;;
05.04.2013;5:55;;;;;;
08.04.2013;7:15;;;;;;
09.04.2013;6:35;;;;;;
10.04.2013;7:00;;;;;;
11.04.2013;7:30;;;;;;
12.04.2013;7:15;;;;;;
15.04.2013;7:20;;;;;;
16.04.2013;6:25;;;;;;
17.04.2013;7:00;;;;;;
18.04.2013;7:30;;;;;;
19.04.2013;6:50;;;;;;
22.04.2013;6:05;;;;;;
23.04.2013;7:20;;;;;;
24.04.2013;6:45;;;;;;
25.04.2013;7:10;;;;;;
26.04.2013;7:00;;;;;;
30.04.2013;6:20;;;;;;
02.05.2013;6:34;;;;;;
03.05.2013;6:30;;;;;;
06.05.2013;6:45;;;;;;
07.05.2013;6:24;;;;;;
08.05.2013;6:45;;;;;;
10.05.2013;6:22;;;;;;
13.05.2013;6:24;;;;;;
14.05.2013;6:15;;;;;;
15.05.2013;6:35;;;;;;
16.05.2013;5:45;;;;;;
21.05.2013;7:20;;;;;;
22.05.2013;7:00;;;;;;
23.05.2013;6:16;;;;;;
24.05.2013;6:24;;;;;;
27.05.2013;7:19;;;;;;
28.05.2013;8:24;;;;;;
29.05.2013;6:31;;;;;;
30.05.2013;6:30;;;;;;
31.05.2013;6:34;;;;;;
03.06.2013;6:14;;;;;;
05.06.2013;6:40;;;;;;
06.06.2013;6:50;;;;;;
10.06.2013;7:10;;;;;;
11.06.2013;6:40;;;;;;
12.06.2013;7:15;;;;;;
13.06.2013;7:10;;;;;;
14.06.2013;6:45;;;;;;
17.06.2013;7:00;;;;;;
18.06.2013;6:25;;;;;;
19.06.2013;7:10;;;;;;
20.06.2013;7:10;;;;;;
21.06.2013;7:10;;;;;;
24.06.2013;7:35;;;;;;
25.06.2013;7:00;;;;;;
26.06.2013;7:00;;;;;;
27.06.2013;7:05;;;;;;
28.06.2013;7:45;;;;;;
01.07.2013;7:00;;;;;;
02.07.2013;6:40;;;;;;
03.07.2013;6:15;;;;;;
04.07.2013;6:50;;;;;;
05.07.2013;6:05;;;;;;
08.07.2013;7:10;;;;;;
09.07.2013;6:50;;;;;;
10.07.2013;7:00;;;;;;
12.07.2013;7:00;;;;;;
15.07.2013;7:04;;;;;;
16.07.2013;6:55;;;;;;
17.07.2013;7:14;;;;;;
18.07.2013;6:07;;;;;;
19.07.2013;7:07;;;;;;
22.07.2013;6:07;;;;;;
23.07.2013;7:40;;;;;;
24.07.2013;7:15;;;;;;
25.07.2013;8:40;;;;;;
26.07.2013;6:22;;;;;;
29.07.2013;6:16;;;;;;
30.07.2013;7:02;;;;;;
31.07.2013;6:57;;;;;;
01.08.2013;7:05;;;;;;
02.08.2013;5:10;;;;;;
05.08.2013;7:20;;;;;;
06.08.2013;7:20;;;;;;
07.08.2013;7:15;;;;;;
08.08.2013;6:34;;;;;;
09.08.2013;6:16;;;;;;
12.08.2013;6:31;;;;;;
13.08.2013;7:09;;;;;;
14.08.2013;7:20;;;;;;
15.08.2013;6:25;;;;;;
16.08.2013;5:52;;;;;;
19.08.2013;6:30;;;;;;
21.08.2013;6:28;;;;;;
23.08.2013;6:38;;;;;;
26.08.2013;6:44;;;;;;
27.08.2013;6:29;;;;;;
28.08.2013;6:30;;;;;;
29.08.2013;6:34;;;;;;
30.08.2013;5:00;;;;;;
03.09.2013;7:04;;;;;;
05.09.2013;5:48;;;;;;
06.09.2013;6:52;;;;;;
09.09.2013;8:08;;;;;;
10.09.2013;7:22;;;;;;
11.09.2013;7:05;;;;;;
12.09.2013;6:55;;;;;;
13.09.2013;6:45;;;;;;
16.09.2013;7:05;;;;;;
17.09.2013;6:45;;;;;;
18.09.2013;7:10;;;;;;
19.09.2013;7:05;;;;;;
20.09.2013;7:37;;;;;;
23.09.2013;7:05;;;;;;
24.09.2013;7:00;;;;;;
25.09.2013;6:40;;;;;;
26.09.2013;7:00;;;;;;
27.09.2013;7:00;;;;;;
30.09.2013;7:15;;;;;;
01.10.2013;6:55;;;;;;
02.10.2013;7:20;;;;;;
04.10.2013;6:45;;;;;;
08.10.2013;6:00;;;;;;
09.10.2013;6:55;;;;;;
10.10.2013;7:20;;;;;;
11.10.2013;6:45;;;;;;
14.10.2013;7:50;;;;;;
15.10.2013;7:25;;;;;;
16.10.2013;6:40;;;;;;
17.10.2013;6:55;;;;;;
18.10.2013;7:00;;;;;;
21.10.2013;7:20;;;;;;
22.10.2013;7:45;;;;;;
23.10.2013;7:30;;;;;;
24.10.2013;7:00;;;;;;
25.10.2013;7:20;;;;;;
30.10.2013;8:10;;;;;;
31.10.2013;8:25;;;;;;
01.11.2013;8:00;;;;;;
04.11.2013;8:40;;;;;;
05.11.2013;8:40;;;;;;
06.11.2013;8:25;;;;;;
07.11.2013;8:35;;;;;;
08.11.2013;8:25;;;;;;
11.11.2013;8:20;;;;;;
12.11.2013;8:45;;;;;;
13.11.2013;8:20;;;;;;
14.11.2013;8:10;;;;;;
15.11.2013;8:25;;;;;;
18.11.2013;8:45;;;;;;
20.11.2013;9:09;;;;;;
21.11.2013;8:33;;;;;;
22.11.2013;8:20;;;;;;
25.11.2013;8:45;;;;;;
26.11.2013;8:30;;;;;;
27.11.2013;9:00;;;;;;
28.11.2013;9:02;;;;;;
29.11.2013;7:20;;;;;;
02.12.2013;8:45;;;;;;
03.12.2013;7:50;;;;;;
04.12.2013;8:40;;;;;;
09.12.2013;9:15;;;;;;
10.12.2013;7:00;;;;;;
12.12.2013;8:30;;;;;;
16.12.2013;8:30;;;;;;
17.12.2013;8:55;;;;;;
18.12.2013;7:52;;;;;;
19.12.2013;9:09;;;;;;
20.12.2013;8:00;;;;;;
23.12.2013;8:10;;;;;;
30.12.2013;8:40;;;;;;
